Title-module__anchor--GmXUE href	Title-module__anchor--GmXUE	ReposListItem-module__Label_2--Z6b0K	Text__StyledText-sc-1klmep6-0	ReposListItem-module__Text_4--mkG7R	ReposListItem-module__Link_1--v5NDF	ReposListItem-module__Link_1--v5NDF href	ReposListItem-module__Link_1--v5NDF 2	ReposListItem-module__Link_1--v5NDF href 2	ReposListItem-module__Box_6--KXqca 3	ReposListItem-module__Link_1--v5NDF 3	ReposListItem-module__Link_1--v5NDF href 3
https://github.com/JuliaComputing/JuliaHub.jl	JuliaHub.jl	Public	A Julia client for the JuliaHub platform	Julia	10	https://github.com/JuliaComputing/JuliaHub.jl/forks	16	https://github.com/JuliaComputing/JuliaHub.jl/stargazers	‚Ä¢	1	https://github.com/JuliaComputing/JuliaHub.jl/pulls
https://github.com/JuliaComputing/jh	jh	Public	Use JuliaHub from the command line	Go	1	https://github.com/JuliaComputing/jh/forks	2	https://github.com/JuliaComputing/jh/stargazers	‚Ä¢	3	https://github.com/JuliaComputing/jh/pulls
https://github.com/JuliaComputing/Multibody.jl	Multibody.jl	Public	Model and simulate multibody systems in Julia	Julia	4	https://github.com/JuliaComputing/Multibody.jl/forks	44	https://github.com/JuliaComputing/Multibody.jl/stargazers	‚Ä¢	31	https://github.com/JuliaComputing/Multibody.jl/pulls
https://github.com/JuliaComputing/juliaup	juliaup	Public	Julia installer and version multiplexer	Rust	104	https://github.com/JuliaComputing/juliaup/forks	0	https://github.com/JuliaComputing/juliaup/stargazers	‚Ä¢	0	https://github.com/JuliaComputing/juliaup/pulls
https://github.com/JuliaComputing/PlotlyLight.jl	PlotlyLight.jl	Public	Fast Lightweight Plotly.js Wrapper for Julia	Julia	10	https://github.com/JuliaComputing/PlotlyLight.jl/forks	113	https://github.com/JuliaComputing/PlotlyLight.jl/stargazers	‚Ä¢	1	https://github.com/JuliaComputing/PlotlyLight.jl/pulls
https://github.com/JuliaComputing/StateSelection.jl	StateSelection.jl	Public	Common algorithmic core for state selection in MTK, DAECompiler, JuliaSimCompiler	Julia	3	https://github.com/JuliaComputing/StateSelection.jl/forks	6	https://github.com/JuliaComputing/StateSelection.jl/stargazers	‚Ä¢	2	https://github.com/JuliaComputing/StateSelection.jl/pulls
https://github.com/JuliaComputing/OmniPackage.jl	OmniPackage.jl	Public	Big package depending on a lot of open source repos.	Julia	7	https://github.com/JuliaComputing/OmniPackage.jl/forks	16	https://github.com/JuliaComputing/OmniPackage.jl/stargazers	‚Ä¢	84	https://github.com/JuliaComputing/OmniPackage.jl/pulls
https://github.com/JuliaComputing/JuliaForEngineers	JuliaForEngineers	Public		Julia	0	https://github.com/JuliaComputing/JuliaForEngineers/forks	4	https://github.com/JuliaComputing/JuliaForEngineers/stargazers	‚Ä¢	1	https://github.com/JuliaComputing/JuliaForEngineers/pulls
https://github.com/JuliaComputing/DataSets.jl	DataSets.jl	Public		Julia	3	https://github.com/JuliaComputing/DataSets.jl/forks	108	https://github.com/JuliaComputing/DataSets.jl/stargazers	‚Ä¢	0	https://github.com/JuliaComputing/DataSets.jl/pulls
https://github.com/JuliaComputing/ExampleComponents	ExampleComponents	Public	An Example JSML Component Library	JavaScript	1	https://github.com/JuliaComputing/ExampleComponents/forks	2	https://github.com/JuliaComputing/ExampleComponents/stargazers	‚Ä¢	1	https://github.com/JuliaComputing/ExampleComponents/pulls
https://github.com/JuliaComputing/HTTPQuickstart.jl	HTTPQuickstart.jl	Public		Julia	1	https://github.com/JuliaComputing/HTTPQuickstart.jl/forks	7	https://github.com/JuliaComputing/HTTPQuickstart.jl/stargazers	‚Ä¢	1	https://github.com/JuliaComputing/HTTPQuickstart.jl/pulls
https://github.com/JuliaComputing/ModelingToolkitSampledData.jl	ModelingToolkitSampledData.jl	Public		Julia	1	https://github.com/JuliaComputing/ModelingToolkitSampledData.jl/forks	8	https://github.com/JuliaComputing/ModelingToolkitSampledData.jl/stargazers	‚Ä¢	3	https://github.com/JuliaComputing/ModelingToolkitSampledData.jl/pulls
https://github.com/JuliaComputing/QGIS.jl	QGIS.jl	Public	QGIS Processing from Julia	Julia	0	https://github.com/JuliaComputing/QGIS.jl/forks	10	https://github.com/JuliaComputing/QGIS.jl/stargazers	‚Ä¢	2	https://github.com/JuliaComputing/QGIS.jl/pulls
https://github.com/JuliaComputing/DAECompiler.jl	DAECompiler.jl	Public	Core compiler engine for Cedar and Dyad	Julia	3	https://github.com/JuliaComputing/DAECompiler.jl/forks	9	https://github.com/JuliaComputing/DAECompiler.jl/stargazers	‚Ä¢	3	https://github.com/JuliaComputing/DAECompiler.jl/pulls
https://github.com/JuliaComputing/DynamicModelTestUtils.jl	DynamicModelTestUtils.jl	Public	A simple package for MTK-based model testing	Julia	0	https://github.com/JuliaComputing/DynamicModelTestUtils.jl/forks	0	https://github.com/JuliaComputing/DynamicModelTestUtils.jl/stargazers	‚Ä¢	1	https://github.com/JuliaComputing/DynamicModelTestUtils.jl/pulls
https://github.com/JuliaComputing/CentralizedCaches.jl	CentralizedCaches.jl	Public	Making it possible to clear all your caches at once	Julia	0	https://github.com/JuliaComputing/CentralizedCaches.jl/forks	9	https://github.com/JuliaComputing/CentralizedCaches.jl/stargazers	‚Ä¢	2	https://github.com/JuliaComputing/CentralizedCaches.jl/pulls
https://github.com/JuliaComputing/VectorPrisms.jl	VectorPrisms.jl	Public	Making structs viewable as AbstractVectors	Julia	1	https://github.com/JuliaComputing/VectorPrisms.jl/forks	4	https://github.com/JuliaComputing/VectorPrisms.jl/stargazers	‚Ä¢	3	https://github.com/JuliaComputing/VectorPrisms.jl/pulls
https://github.com/JuliaComputing/Hardened.jl	Hardened.jl	Public		Julia	0	https://github.com/JuliaComputing/Hardened.jl/forks	0	https://github.com/JuliaComputing/Hardened.jl/stargazers	‚Ä¢	1	https://github.com/JuliaComputing/Hardened.jl/pulls
https://github.com/JuliaComputing/DepotDelivery.jl	DepotDelivery.jl	Public	Project(s) ‚Üí Standalone Depot	Julia	2	https://github.com/JuliaComputing/DepotDelivery.jl/forks	29	https://github.com/JuliaComputing/DepotDelivery.jl/stargazers	‚Ä¢	2	https://github.com/JuliaComputing/DepotDelivery.jl/pulls
https://github.com/JuliaComputing/DashDeploymentExample.jl	DashDeploymentExample.jl	Public	A template Dash.jl app hosted on JuliaHub.com	Julia	0	https://github.com/JuliaComputing/DashDeploymentExample.jl/forks	0	https://github.com/JuliaComputing/DashDeploymentExample.jl/stargazers	‚Ä¢	1	https://github.com/JuliaComputing/DashDeploymentExample.jl/pulls
https://github.com/JuliaComputing/OpenPolicyAgent.jl	OpenPolicyAgent.jl	Public	Julia OpenPolicyAgent Client, Server and CLI.	Julia	0	https://github.com/JuliaComputing/OpenPolicyAgent.jl/forks	1	https://github.com/JuliaComputing/OpenPolicyAgent.jl/stargazers	‚Ä¢	1	https://github.com/JuliaComputing/OpenPolicyAgent.jl/pulls
https://github.com/JuliaComputing/QuanserInterface.jl	QuanserInterface.jl	Public	An Julia interface to the Quanser hardware devices	Julia	2	https://github.com/JuliaComputing/QuanserInterface.jl/forks	6	https://github.com/JuliaComputing/QuanserInterface.jl/stargazers	‚Ä¢	2	https://github.com/JuliaComputing/QuanserInterface.jl/pulls
https://github.com/JuliaComputing/Hydration.jl	Hydration.jl	Public	A friendly package for making sure you drink enough water	Julia	0	https://github.com/JuliaComputing/Hydration.jl/forks	0	https://github.com/JuliaComputing/Hydration.jl/stargazers	‚Ä¢	1	https://github.com/JuliaComputing/Hydration.jl/pulls
https://github.com/JuliaComputing/DynamicScope.jl	DynamicScope.jl	Public	Dynamically scoped functions in Julia	Julia	0	https://github.com/JuliaComputing/DynamicScope.jl/forks	3	https://github.com/JuliaComputing/DynamicScope.jl/stargazers	‚Ä¢	1	https://github.com/JuliaComputing/DynamicScope.jl/pulls
https://github.com/JuliaComputing/CompartmentalModelServer.jl	CompartmentalModelServer.jl	Public template	Demonstrate how to deploy a model as an application on JuliaHub.	Julia	2	https://github.com/JuliaComputing/CompartmentalModelServer.jl/forks	0	https://github.com/JuliaComputing/CompartmentalModelServer.jl/stargazers	‚Ä¢	1	https://github.com/JuliaComputing/CompartmentalModelServer.jl/pulls
https://github.com/JuliaComputing/PkgAuthentication.jl	PkgAuthentication.jl	Public		Julia	4	https://github.com/JuliaComputing/PkgAuthentication.jl/forks	3	https://github.com/JuliaComputing/PkgAuthentication.jl/stargazers	‚Ä¢	0	https://github.com/JuliaComputing/PkgAuthentication.jl/pulls
https://github.com/JuliaComputing/IRViz.jl	IRViz.jl	Public	Tools for visualizing Julia IR	Julia	0	https://github.com/JuliaComputing/IRViz.jl/forks	45	https://github.com/JuliaComputing/IRViz.jl/stargazers	‚Ä¢	2	https://github.com/JuliaComputing/IRViz.jl/pulls
https://github.com/JuliaComputing/Webinar_PumasQSP_20230321	Webinar_PumasQSP_20230321	Public		Julia	0	https://github.com/JuliaComputing/Webinar_PumasQSP_20230321/forks	2	https://github.com/JuliaComputing/Webinar_PumasQSP_20230321/stargazers	‚Ä¢	2	https://github.com/JuliaComputing/Webinar_PumasQSP_20230321/pulls
https://github.com/JuliaComputing/semgrep-rules-julia	semgrep-rules-julia	Public	Julia rules for semgrep	Julia	3	https://github.com/JuliaComputing/semgrep-rules-julia/forks	14	https://github.com/JuliaComputing/semgrep-rules-julia/stargazers	‚Ä¢	1	https://github.com/JuliaComputing/semgrep-rules-julia/pulls
https://github.com/JuliaComputing/InteractiveGeospatial.jl	InteractiveGeospatial.jl	Public		Julia	1	https://github.com/JuliaComputing/InteractiveGeospatial.jl/forks	3	https://github.com/JuliaComputing/InteractiveGeospatial.jl/stargazers	‚Ä¢	1	https://github.com/JuliaComputing/InteractiveGeospatial.jl/pulls
https://github.com/JuliaComputing/authorized-keys-github	authorized-keys-github	Public	Helper tool for github org-based user key SSH authentication	Rust	1	https://github.com/JuliaComputing/authorized-keys-github/forks	0	https://github.com/JuliaComputing/authorized-keys-github/stargazers	‚Ä¢	1	https://github.com/JuliaComputing/authorized-keys-github/pulls
https://github.com/JuliaComputing/Training.jl	Training.jl	Public	Collection of Training Materials for Julia	Julia	1	https://github.com/JuliaComputing/Training.jl/forks	9	https://github.com/JuliaComputing/Training.jl/stargazers	‚Ä¢	1	https://github.com/JuliaComputing/Training.jl/pulls
https://github.com/JuliaComputing/OpenAPI.jl	OpenAPI.jl	Public	OpenAPI helper and code generator for Julia	Julia	12	https://github.com/JuliaComputing/OpenAPI.jl/forks	56	https://github.com/JuliaComputing/OpenAPI.jl/stargazers	‚Ä¢	1	https://github.com/JuliaComputing/OpenAPI.jl/pulls
https://github.com/JuliaComputing/MultiDocumenter.jl	MultiDocumenter.jl	Public	Aggregating all the docs	Julia	7	https://github.com/JuliaComputing/MultiDocumenter.jl/forks	72	https://github.com/JuliaComputing/MultiDocumenter.jl/stargazers	‚Ä¢	3	https://github.com/JuliaComputing/MultiDocumenter.jl/pulls
https://github.com/JuliaComputing/JuliaHub101App	JuliaHub101App	Public	Simple Stipple application using the JuliaHub101.jl package	JavaScript	1	https://github.com/JuliaComputing/JuliaHub101App/forks	1	https://github.com/JuliaComputing/JuliaHub101App/stargazers	‚Ä¢	1	https://github.com/JuliaComputing/JuliaHub101App/pulls
https://github.com/JuliaComputing/JuliaHub101.jl	JuliaHub101.jl	Public	Welcome to JuliaHub 101 - explore features and capabilities of the platform with this package.	Julia	1	https://github.com/JuliaComputing/JuliaHub101.jl/forks	1	https://github.com/JuliaComputing/JuliaHub101.jl/stargazers	‚Ä¢	1	https://github.com/JuliaComputing/JuliaHub101.jl/pulls
https://github.com/JuliaComputing/IngestTest.jl	IngestTest.jl	Public	project to test ingesting	Julia	0	https://github.com/JuliaComputing/IngestTest.jl/forks	2	https://github.com/JuliaComputing/IngestTest.jl/stargazers	‚Ä¢	1	https://github.com/JuliaComputing/IngestTest.jl/pulls
https://github.com/JuliaComputing/ScaledNumbersOutput.jl	ScaledNumbersOutput.jl	Public	Pretty printing of numbers that are rounded and in SI notation (eg 3.25n)	Julia	2	https://github.com/JuliaComputing/ScaledNumbersOutput.jl/forks	2	https://github.com/JuliaComputing/ScaledNumbersOutput.jl/stargazers	‚Ä¢	1	https://github.com/JuliaComputing/ScaledNumbersOutput.jl/pulls
https://github.com/JuliaComputing/ScaledNumbersInput.jl	ScaledNumbersInput.jl	Public	Provides an `@SI` macro for converting numbers with SI prefixes	Julia	2	https://github.com/JuliaComputing/ScaledNumbersInput.jl/forks	8	https://github.com/JuliaComputing/ScaledNumbersInput.jl/stargazers	‚Ä¢	1	https://github.com/JuliaComputing/ScaledNumbersInput.jl/pulls
https://github.com/JuliaComputing/KML.jl	KML.jl	Public	Google Earth Writer in Pure Julia	Julia	1	https://github.com/JuliaComputing/KML.jl/forks	17	https://github.com/JuliaComputing/KML.jl/stargazers	‚Ä¢	3	https://github.com/JuliaComputing/KML.jl/pulls
https://github.com/JuliaComputing/XML.jl	XML.jl	Public	Read and write XML in pure Julia	Julia	11	https://github.com/JuliaComputing/XML.jl/forks	93	https://github.com/JuliaComputing/XML.jl/stargazers	‚Ä¢	1	https://github.com/JuliaComputing/XML.jl/pulls
https://github.com/JuliaComputing/Cobweb.jl	Cobweb.jl	Public	üï∏Ô∏è Cobble together web content in Julia	Julia	5	https://github.com/JuliaComputing/Cobweb.jl/forks	48	https://github.com/JuliaComputing/Cobweb.jl/stargazers	‚Ä¢	1	https://github.com/JuliaComputing/Cobweb.jl/pulls
https://github.com/JuliaComputing/ScoringEngineDash.jl	ScoringEngineDash.jl	Public	Mode exploration dashboard to accompany ScoringEngineDemo.jl	Julia	0	https://github.com/JuliaComputing/ScoringEngineDash.jl/forks	0	https://github.com/JuliaComputing/ScoringEngineDash.jl/stargazers	‚Ä¢	1	https://github.com/JuliaComputing/ScoringEngineDash.jl/pulls
https://github.com/JuliaComputing/ScoringEngineDemo.jl	ScoringEngineDemo.jl	Public	Demo of a scoring engine. From data wrangling to model serving on docker	HTML	4	https://github.com/JuliaComputing/ScoringEngineDemo.jl/forks	21	https://github.com/JuliaComputing/ScoringEngineDemo.jl/stargazers	‚Ä¢	1	https://github.com/JuliaComputing/ScoringEngineDemo.jl/pulls
https://github.com/JuliaComputing/WeaveReportsTutorial.jl	WeaveReportsTutorial.jl	Public	Tutorial for generating reports using Weave.jl	Julia	0	https://github.com/JuliaComputing/WeaveReportsTutorial.jl/forks	0	https://github.com/JuliaComputing/WeaveReportsTutorial.jl/stargazers	‚Ä¢	1	https://github.com/JuliaComputing/WeaveReportsTutorial.jl/pulls
https://github.com/JuliaComputing/GenieAppTutorial.jl	GenieAppTutorial.jl	Public	Tutorial for hosting a Genie app on JuliaHub	JavaScript	1	https://github.com/JuliaComputing/GenieAppTutorial.jl/forks	8	https://github.com/JuliaComputing/GenieAppTutorial.jl/stargazers	‚Ä¢	1	https://github.com/JuliaComputing/GenieAppTutorial.jl/pulls
https://github.com/JuliaComputing/SQLiteGraph.jl	SQLiteGraph.jl	Public	A lightweight SQLite-based Graph Database for Julia.	Julia	2	https://github.com/JuliaComputing/SQLiteGraph.jl/forks	31	https://github.com/JuliaComputing/SQLiteGraph.jl/stargazers	‚Ä¢	1	https://github.com/JuliaComputing/SQLiteGraph.jl/pulls
https://github.com/JuliaComputing/JuliaInXL.jl	JuliaInXL.jl	Public	Julia interface to JuliaInXL addin	Julia	5	https://github.com/JuliaComputing/JuliaInXL.jl/forks	14	https://github.com/JuliaComputing/JuliaInXL.jl/stargazers	‚Ä¢	2	https://github.com/JuliaComputing/JuliaInXL.jl/pulls
https://github.com/JuliaComputing/rootfs-images	rootfs-images	Public		Julia	0	https://github.com/JuliaComputing/rootfs-images/forks	2	https://github.com/JuliaComputing/rootfs-images/stargazers	‚Ä¢	1	https://github.com/JuliaComputing/rootfs-images/pulls
https://github.com/JuliaComputing/pluto-vscode	pluto-vscode	Public	Pluto inside a VS Code Webview, WIP	TypeScript	2	https://github.com/JuliaComputing/pluto-vscode/forks	102	https://github.com/JuliaComputing/pluto-vscode/stargazers	‚Ä¢	2	https://github.com/JuliaComputing/pluto-vscode/pulls
https://github.com/JuliaComputing/CxxrtlCosim	CxxrtlCosim	Public	Cosimulation of ModelingToolkit and Cxxrtl	Julia	0	https://github.com/JuliaComputing/CxxrtlCosim/forks	5	https://github.com/JuliaComputing/CxxrtlCosim/stargazers	‚Ä¢	1	https://github.com/JuliaComputing/CxxrtlCosim/pulls
https://github.com/JuliaComputing/MosaicPlutoPlugin.jl	MosaicPlutoPlugin.jl	Public	A Pluto.jl plugin for embedding Mosaic inside a notebook for interactive schematic analysis	Julia	0	https://github.com/JuliaComputing/MosaicPlutoPlugin.jl/forks	16	https://github.com/JuliaComputing/MosaicPlutoPlugin.jl/stargazers	‚Ä¢	1	https://github.com/JuliaComputing/MosaicPlutoPlugin.jl/pulls
https://github.com/JuliaComputing/HTTPDownloads.jl	HTTPDownloads.jl	Public	Use Downloads.jl as a backend for HTTP.jl	Julia	2	https://github.com/JuliaComputing/HTTPDownloads.jl/forks	29	https://github.com/JuliaComputing/HTTPDownloads.jl/stargazers	‚Ä¢	3	https://github.com/JuliaComputing/HTTPDownloads.jl/pulls
https://github.com/JuliaComputing/scopehal.jl	scopehal.jl	Public	Julia wrapper for scopehal	Julia	0	https://github.com/JuliaComputing/scopehal.jl/forks	0	https://github.com/JuliaComputing/scopehal.jl/stargazers	‚Ä¢	1	https://github.com/JuliaComputing/scopehal.jl/pulls
https://github.com/JuliaComputing/Xyce.jl	Xyce.jl	Public	A Julia wrapper for Xyce.	Julia	2	https://github.com/JuliaComputing/Xyce.jl/forks	15	https://github.com/JuliaComputing/Xyce.jl/stargazers	‚Ä¢	1	https://github.com/JuliaComputing/Xyce.jl/pulls
https://github.com/JuliaComputing/SQLStrings.jl	SQLStrings.jl	Public	Safe interpolations for SQL query strings	Julia	3	https://github.com/JuliaComputing/SQLStrings.jl/forks	34	https://github.com/JuliaComputing/SQLStrings.jl/stargazers	‚Ä¢	1	https://github.com/JuliaComputing/SQLStrings.jl/pulls
https://github.com/JuliaComputing/NgSpice.jl	NgSpice.jl	Public	This package wraps NgSpice for Julia users	Julia	3	https://github.com/JuliaComputing/NgSpice.jl/forks	5	https://github.com/JuliaComputing/NgSpice.jl/stargazers	‚Ä¢	3	https://github.com/JuliaComputing/NgSpice.jl/pulls
https://github.com/JuliaComputing/Badges.jl	Badges.jl	Public	Badges in Julia	Julia	0	https://github.com/JuliaComputing/Badges.jl/forks	17	https://github.com/JuliaComputing/Badges.jl/stargazers	‚Ä¢	1	https://github.com/JuliaComputing/Badges.jl/pulls
https://github.com/JuliaComputing/Finance_demos	Finance_demos	Public		Jupyter Notebook	0	https://github.com/JuliaComputing/Finance_demos/forks	1	https://github.com/JuliaComputing/Finance_demos/stargazers	‚Ä¢	1	https://github.com/JuliaComputing/Finance_demos/pulls
https://github.com/JuliaComputing/SecretAnalysis.jl	SecretAnalysis.jl	Public		Julia	5	https://github.com/JuliaComputing/SecretAnalysis.jl/forks	2	https://github.com/JuliaComputing/SecretAnalysis.jl/stargazers	‚Ä¢	2	https://github.com/JuliaComputing/SecretAnalysis.jl/pulls
https://github.com/JuliaComputing/EasyConfig.jl	EasyConfig.jl	Public	Easy-to-write JSON-like data structure for Julia	Julia	1	https://github.com/JuliaComputing/EasyConfig.jl/forks	41	https://github.com/JuliaComputing/EasyConfig.jl/stargazers	‚Ä¢	1	https://github.com/JuliaComputing/EasyConfig.jl/pulls
https://github.com/JuliaComputing/HTMLSanitizer.jl	HTMLSanitizer.jl	Public	HTML sanitization in Julia	Julia	0	https://github.com/JuliaComputing/HTMLSanitizer.jl/forks	3	https://github.com/JuliaComputing/HTMLSanitizer.jl/stargazers	‚Ä¢	1	https://github.com/JuliaComputing/HTMLSanitizer.jl/pulls
https://github.com/JuliaComputing/JSC-Training	JSC-Training	Public		Julia	1	https://github.com/JuliaComputing/JSC-Training/forks	5	https://github.com/JuliaComputing/JSC-Training/stargazers	‚Ä¢	1	https://github.com/JuliaComputing/JSC-Training/pulls
https://github.com/JuliaComputing/JuliaTeam-GCP-k8s	JuliaTeam-GCP-k8s	Public	This repo contains the CLI instructions that could be used to deploy JuliaTeam on GCP	Shell	2	https://github.com/JuliaComputing/JuliaTeam-GCP-k8s/forks	1	https://github.com/JuliaComputing/JuliaTeam-GCP-k8s/stargazers	‚Ä¢	1	https://github.com/JuliaComputing/JuliaTeam-GCP-k8s/pulls
https://github.com/JuliaComputing/Miletus.jl	Miletus.jl	Public	Writing financial contracts in Julia	Julia	24	https://github.com/JuliaComputing/Miletus.jl/forks	90	https://github.com/JuliaComputing/Miletus.jl/stargazers	‚Ä¢	2	https://github.com/JuliaComputing/Miletus.jl/pulls
https://github.com/JuliaComputing/TableView.jl	TableView.jl	Public	A Tables.jl compatible table viewer based on ag-grid	Julia	13	https://github.com/JuliaComputing/TableView.jl/forks	104	https://github.com/JuliaComputing/TableView.jl/stargazers	‚Ä¢	1	https://github.com/JuliaComputing/TableView.jl/pulls
https://github.com/JuliaComputing/Azure.jl	Azure.jl	Public	Julia interface to Azure APIs	Julia	4	https://github.com/JuliaComputing/Azure.jl/forks	29	https://github.com/JuliaComputing/Azure.jl/stargazers	‚Ä¢	1	https://github.com/JuliaComputing/Azure.jl/pulls
https://github.com/JuliaComputing/Kuber.jl	Kuber.jl	Public	Julia Kubernetes Client	Julia	12	https://github.com/JuliaComputing/Kuber.jl/forks	66	https://github.com/JuliaComputing/Kuber.jl/stargazers	‚Ä¢	1	https://github.com/JuliaComputing/Kuber.jl/pulls
https://github.com/JuliaComputing/Swagger.jl	Swagger.jl	Public	Swagger (OpenAPI) helper and code generator for Julia	Julia	5	https://github.com/JuliaComputing/Swagger.jl/forks	38	https://github.com/JuliaComputing/Swagger.jl/stargazers	‚Ä¢	2	https://github.com/JuliaComputing/Swagger.jl/pulls
https://github.com/JuliaComputing/AMQPClient.jl	AMQPClient.jl	Public	A Julia AMQP (Advanced Message Queuing Protocol) / RabbitMQ Client.	Julia	21	https://github.com/JuliaComputing/AMQPClient.jl/forks	38	https://github.com/JuliaComputing/AMQPClient.jl/stargazers	‚Ä¢	1	https://github.com/JuliaComputing/AMQPClient.jl/pulls
https://github.com/JuliaComputing/SemiringAlgebra.jl	SemiringAlgebra.jl	Public	Semiring Algebra	Julia	3	https://github.com/JuliaComputing/SemiringAlgebra.jl/forks	12	https://github.com/JuliaComputing/SemiringAlgebra.jl/stargazers	‚Ä¢	1	https://github.com/JuliaComputing/SemiringAlgebra.jl/pulls
https://github.com/JuliaComputing/litellm	litellm	Public	Python SDK, Proxy Server (AI Gateway) to call 100+ LLM APIs in OpenAI (or native) format, with cost tracking, guardrails, loadbalancing and logging. [Bedrock, Azure, OpenAI, VertexAI, Cohere, Anthropic, Sagemaker, HuggingFace, VLLM, NVIDIA NIM]	Python	5k	https://github.com/JuliaComputing/litellm/forks	0	https://github.com/JuliaComputing/litellm/stargazers	‚Ä¢	0	https://github.com/JuliaComputing/litellm/pulls
https://github.com/JuliaComputing/heptagon	heptagon	Public	Heptagon is a synchronous dataflow language whose syntax and semantics is inspired from Lustre, with a syntax allowing the expression of control structures (e.g., switch or mode automata).	OCaml	1	https://github.com/JuliaComputing/heptagon/forks	0	https://github.com/JuliaComputing/heptagon/stargazers	‚Ä¢	0	https://github.com/JuliaComputing/heptagon/pulls
https://github.com/JuliaComputing/osv.dev	osv.dev	Public	Open source vulnerability DB and triage service.	Python	262	https://github.com/JuliaComputing/osv.dev/forks	0	https://github.com/JuliaComputing/osv.dev/stargazers	‚Ä¢	0	https://github.com/JuliaComputing/osv.dev/pulls
https://github.com/JuliaComputing/osv-schema	osv-schema	Public	Open Source Vulnerability schema.	Go	108	https://github.com/JuliaComputing/osv-schema/forks	0	https://github.com/JuliaComputing/osv-schema/stargazers	‚Ä¢	0	https://github.com/JuliaComputing/osv-schema/pulls
https://github.com/JuliaComputing/CthulhuJETWorkshop	CthulhuJETWorkshop	Public	A demo repository of introductory examples and materials for JET / Cthulhu		0	https://github.com/JuliaComputing/CthulhuJETWorkshop/forks	1	https://github.com/JuliaComputing/CthulhuJETWorkshop/stargazers		0	https://github.com/JuliaComputing/CthulhuJETWorkshop/pulls
https://github.com/JuliaComputing/Logging2.jl	Logging2.jl	Public	A logging library to stage new ideas for stdlib Logging	Julia	2	https://github.com/JuliaComputing/Logging2.jl/forks	0	https://github.com/JuliaComputing/Logging2.jl/stargazers	‚Ä¢	0	https://github.com/JuliaComputing/Logging2.jl/pulls
https://github.com/JuliaComputing/Yggdrasil	Yggdrasil	Public	Collection of builder repositories for BinaryBuilder.jl	Fortran	651	https://github.com/JuliaComputing/Yggdrasil/forks	0	https://github.com/JuliaComputing/Yggdrasil/stargazers	‚Ä¢	0	https://github.com/JuliaComputing/Yggdrasil/pulls
https://github.com/JuliaComputing/Dex.jl	Dex.jl	Public	Launch and manage Dex from Julia	Julia	3	https://github.com/JuliaComputing/Dex.jl/forks	0	https://github.com/JuliaComputing/Dex.jl/stargazers	‚Ä¢	0	https://github.com/JuliaComputing/Dex.jl/pulls
https://github.com/JuliaComputing/litex_m2sdr_julia	litex_m2sdr_julia	Public	Customization of LiteX M2SDR design with VITA49.2 support.	C	0	https://github.com/JuliaComputing/litex_m2sdr_julia/forks	0	https://github.com/JuliaComputing/litex_m2sdr_julia/stargazers	‚Ä¢	0	https://github.com/JuliaComputing/litex_m2sdr_julia/pulls
https://github.com/JuliaComputing/lua-resty-aws-email	lua-resty-aws-email	Public	Send email using Amazon Simple Email Service (SES) API.	Lua	4	https://github.com/JuliaComputing/lua-resty-aws-email/forks	0	https://github.com/JuliaComputing/lua-resty-aws-email/stargazers	‚Ä¢	0	https://github.com/JuliaComputing/lua-resty-aws-email/pulls
https://github.com/JuliaComputing/Pinecone.jl	Pinecone.jl	Public		Julia	3	https://github.com/JuliaComputing/Pinecone.jl/forks	0	https://github.com/JuliaComputing/Pinecone.jl/stargazers	‚Ä¢	0	https://github.com/JuliaComputing/Pinecone.jl/pulls
https://github.com/JuliaComputing/Registrator.jl	Registrator.jl	Public	Julia package registration bot	Julia	51	https://github.com/JuliaComputing/Registrator.jl/forks	1	https://github.com/JuliaComputing/Registrator.jl/stargazers	‚Ä¢	2	https://github.com/JuliaComputing/Registrator.jl/pulls
https://github.com/JuliaComputing/wine-staging	wine-staging	Public	Staging various wine development branches	C	0	https://github.com/JuliaComputing/wine-staging/forks	0	https://github.com/JuliaComputing/wine-staging/stargazers	‚Ä¢	0	https://github.com/JuliaComputing/wine-staging/pulls
https://github.com/JuliaComputing/openapi-generator	openapi-generator	Public	OpenAPI Generator allows generation of API client libraries (SDK generation), server stubs, documentation and configuration automatically given an OpenAPI Spec (v2, v3)	Java	7.3k	https://github.com/JuliaComputing/openapi-generator/forks	1	https://github.com/JuliaComputing/openapi-generator/stargazers	‚Ä¢	1	https://github.com/JuliaComputing/openapi-generator/pulls
https://github.com/JuliaComputing/Openresty.jl	Openresty.jl	Public	Launch and manage openresty from Julia	Julia	2	https://github.com/JuliaComputing/Openresty.jl/forks	0	https://github.com/JuliaComputing/Openresty.jl/stargazers	‚Ä¢	0	https://github.com/JuliaComputing/Openresty.jl/pulls
https://github.com/JuliaComputing/Openresty_jll.jl	Openresty_jll.jl	Public		Julia	1	https://github.com/JuliaComputing/Openresty_jll.jl/forks	0	https://github.com/JuliaComputing/Openresty_jll.jl/stargazers	‚Ä¢	0	https://github.com/JuliaComputing/Openresty_jll.jl/pulls
https://github.com/JuliaComputing/Dex_jll.jl	Dex_jll.jl	Public		Julia	1	https://github.com/JuliaComputing/Dex_jll.jl/forks	0	https://github.com/JuliaComputing/Dex_jll.jl/stargazers	‚Ä¢	0	https://github.com/JuliaComputing/Dex_jll.jl/pulls
https://github.com/JuliaComputing/GoogleCodeSearch_jll.jl	GoogleCodeSearch_jll.jl	Public		Julia	1	https://github.com/JuliaComputing/GoogleCodeSearch_jll.jl/forks	0	https://github.com/JuliaComputing/GoogleCodeSearch_jll.jl/stargazers	‚Ä¢	0	https://github.com/JuliaComputing/GoogleCodeSearch_jll.jl/pulls
https://github.com/JuliaComputing/OpenPolicyAgent_jll.jl	OpenPolicyAgent_jll.jl	Public		Julia	1	https://github.com/JuliaComputing/OpenPolicyAgent_jll.jl/forks	0	https://github.com/JuliaComputing/OpenPolicyAgent_jll.jl/stargazers	‚Ä¢	0	https://github.com/JuliaComputing/OpenPolicyAgent_jll.jl/pulls
https://github.com/JuliaComputing/BinaryBuilderBase.jl	BinaryBuilderBase.jl	Public		Julia	36	https://github.com/JuliaComputing/BinaryBuilderBase.jl/forks	0	https://github.com/JuliaComputing/BinaryBuilderBase.jl/stargazers	‚Ä¢	0	https://github.com/JuliaComputing/BinaryBuilderBase.jl/pulls
https://github.com/JuliaComputing/SigmaJS.jl	SigmaJS.jl	Public			0	https://github.com/JuliaComputing/SigmaJS.jl/forks	0	https://github.com/JuliaComputing/SigmaJS.jl/stargazers		0	https://github.com/JuliaComputing/SigmaJS.jl/pulls
https://github.com/JuliaComputing/CompartmentalModel.jl	CompartmentalModel.jl	Public template	Demonstrate how to deploy a model as a dashboard application on JuliaHub.	Julia	2	https://github.com/JuliaComputing/CompartmentalModel.jl/forks	0	https://github.com/JuliaComputing/CompartmentalModel.jl/stargazers	‚Ä¢	0	https://github.com/JuliaComputing/CompartmentalModel.jl/pulls
https://github.com/JuliaComputing/General	General	Public	The official registry of general Julia packages (forked for JuliaRegistrator)	Julia	523	https://github.com/JuliaComputing/General/forks	0	https://github.com/JuliaComputing/General/stargazers	‚Ä¢	0	https://github.com/JuliaComputing/General/pulls
https://github.com/JuliaComputing/fmi-standard.org	fmi-standard.org	Public	Website of the Functional Mock-up Interface (FMI)	HTML	214	https://github.com/JuliaComputing/fmi-standard.org/forks	0	https://github.com/JuliaComputing/fmi-standard.org/stargazers	‚Ä¢	0	https://github.com/JuliaComputing/fmi-standard.org/pulls
https://github.com/JuliaComputing/JuliaPharmaDemo	JuliaPharmaDemo	Public		HTML	0	https://github.com/JuliaComputing/JuliaPharmaDemo/forks	7	https://github.com/JuliaComputing/JuliaPharmaDemo/stargazers	‚Ä¢	0	https://github.com/JuliaComputing/JuliaPharmaDemo/pulls
https://github.com/JuliaComputing/ASKEMDemos	ASKEMDemos	Public	A place to put demonstrations pertaining to the ASKEM project	Julia	0	https://github.com/JuliaComputing/ASKEMDemos/forks	0	https://github.com/JuliaComputing/ASKEMDemos/stargazers	‚Ä¢	0	https://github.com/JuliaComputing/ASKEMDemos/pulls
https://github.com/JuliaComputing/DashTutorials	DashTutorials	Public	Tutorials for running Dash.jl apps on JuliaHub	Julia	2	https://github.com/JuliaComputing/DashTutorials/forks	2	https://github.com/JuliaComputing/DashTutorials/stargazers	‚Ä¢	0	https://github.com/JuliaComputing/DashTutorials/pulls
https://github.com/JuliaComputing/SciMLBenchmarks.jl	SciMLBenchmarks.jl	Public	Benchmarks for scientific machine learning (SciML) software, scientific AI, and (differential) equation solvers	Julia	105	https://github.com/JuliaComputing/SciMLBenchmarks.jl/forks	0	https://github.com/JuliaComputing/SciMLBenchmarks.jl/stargazers	‚Ä¢	1	https://github.com/JuliaComputing/SciMLBenchmarks.jl/pulls
https://github.com/JuliaComputing/OpenTelemetry.jl	OpenTelemetry.jl	Public	An unofficial implementation of OpenTelemetry in Julia.	Julia	9	https://github.com/JuliaComputing/OpenTelemetry.jl/forks	0	https://github.com/JuliaComputing/OpenTelemetry.jl/stargazers	‚Ä¢	0	https://github.com/JuliaComputing/OpenTelemetry.jl/pulls
https://github.com/JuliaComputing/JuliaSimTraining	JuliaSimTraining	Public		Julia	0	https://github.com/JuliaComputing/JuliaSimTraining/forks	2	https://github.com/JuliaComputing/JuliaSimTraining/stargazers	‚Ä¢	0	https://github.com/JuliaComputing/JuliaSimTraining/pulls
https://github.com/JuliaComputing/Foundations-of-Machine-Learning	Foundations-of-Machine-Learning	Public	We're excited to be your gateway into machine learning. ML is a rapidly growing field that's buzzing with opportunity.	Jupyter Notebook	16	https://github.com/JuliaComputing/Foundations-of-Machine-Learning/forks	0	https://github.com/JuliaComputing/Foundations-of-Machine-Learning/stargazers	‚Ä¢	0	https://github.com/JuliaComputing/Foundations-of-Machine-Learning/pulls
https://github.com/JuliaComputing/DataFramesTutorials	DataFramesTutorials	Public	Welcome to DataFrames.jl with Bogumi≈Ç Kami≈Ñski	Jupyter Notebook	61	https://github.com/JuliaComputing/DataFramesTutorials/forks	0	https://github.com/JuliaComputing/DataFramesTutorials/stargazers	‚Ä¢	0	https://github.com/JuliaComputing/DataFramesTutorials/pulls
https://github.com/JuliaComputing/Humpty.jl	Humpty.jl	Public archive	All the kings horses and all the king's men can put our Jacobians together again	Julia	0	https://github.com/JuliaComputing/Humpty.jl/forks	9	https://github.com/JuliaComputing/Humpty.jl/stargazers	‚Ä¢	0	https://github.com/JuliaComputing/Humpty.jl/pulls
https://github.com/JuliaComputing/Downloads.jl	Downloads.jl	Public		Julia	38	https://github.com/JuliaComputing/Downloads.jl/forks	0	https://github.com/JuliaComputing/Downloads.jl/stargazers	‚Ä¢	0	https://github.com/JuliaComputing/Downloads.jl/pulls
https://github.com/JuliaComputing/Blink.jl	Blink.jl	Public	Web-based GUIs for Julia	Julia	76	https://github.com/JuliaComputing/Blink.jl/forks	0	https://github.com/JuliaComputing/Blink.jl/stargazers	‚Ä¢	0	https://github.com/JuliaComputing/Blink.jl/pulls
https://github.com/JuliaComputing/xtrx_julia	xtrx_julia	Public	XTRX LiteX/LitePCIe based design for Julia Computing	Julia	3	https://github.com/JuliaComputing/xtrx_julia/forks	1	https://github.com/JuliaComputing/xtrx_julia/stargazers	‚Ä¢	7	https://github.com/JuliaComputing/xtrx_julia/pulls
https://github.com/JuliaComputing/JuliaHubVSCodeExtensionTutorial.jl	JuliaHubVSCodeExtensionTutorial.jl	Public	Tutorial on usage of JuliaHub VSCode extension	Julia	2	https://github.com/JuliaComputing/JuliaHubVSCodeExtensionTutorial.jl/forks	9	https://github.com/JuliaComputing/JuliaHubVSCodeExtensionTutorial.jl/stargazers	‚Ä¢	0	https://github.com/JuliaComputing/JuliaHubVSCodeExtensionTutorial.jl/pulls
https://github.com/JuliaComputing/JuliaHub-Feedback	JuliaHub-Feedback	Public	Public repo for filing JuliaHub issues		1	https://github.com/JuliaComputing/JuliaHub-Feedback/forks	6	https://github.com/JuliaComputing/JuliaHub-Feedback/stargazers		0	https://github.com/JuliaComputing/JuliaHub-Feedback/pulls
https://github.com/JuliaComputing/LimeSuite	LimeSuite	Public	Driver and GUI for LMS7002M-based SDR platforms	C	199	https://github.com/JuliaComputing/LimeSuite/forks	1	https://github.com/JuliaComputing/LimeSuite/stargazers	‚Ä¢	0	https://github.com/JuliaComputing/LimeSuite/pulls
https://github.com/JuliaComputing/PackageCompiler.jl	PackageCompiler.jl	Public	Compile your Julia Package	Julia	198	https://github.com/JuliaComputing/PackageCompiler.jl/forks	0	https://github.com/JuliaComputing/PackageCompiler.jl/stargazers	‚Ä¢	0	https://github.com/JuliaComputing/PackageCompiler.jl/pulls
https://github.com/JuliaComputing/LMS7002M-driver	LMS7002M-driver	Public	A portable driver for the LMS7002M dual transceiver	C	21	https://github.com/JuliaComputing/LMS7002M-driver/forks	0	https://github.com/JuliaComputing/LMS7002M-driver/stargazers	‚Ä¢	2	https://github.com/JuliaComputing/LMS7002M-driver/pulls
https://github.com/JuliaComputing/litepcie	litepcie	Public	Small footprint and configurable PCIe core	Verilog	153	https://github.com/JuliaComputing/litepcie/forks	0	https://github.com/JuliaComputing/litepcie/stargazers	‚Ä¢	0	https://github.com/JuliaComputing/litepcie/pulls
https://github.com/JuliaComputing/ModelingToolkitWorkshop	ModelingToolkitWorkshop	Public	Training materials for ModelingToolkit and JuliaSim	HTML	1	https://github.com/JuliaComputing/ModelingToolkitWorkshop/forks	38	https://github.com/JuliaComputing/ModelingToolkitWorkshop/stargazers	‚Ä¢	0	https://github.com/JuliaComputing/ModelingToolkitWorkshop/pulls
https://github.com/JuliaComputing/JuliaInXL	JuliaInXL	Public	JuliaInXL C# code to create JuliaInXL plugin for Microsoft Excel	C#	8	https://github.com/JuliaComputing/JuliaInXL/forks	25	https://github.com/JuliaComputing/JuliaInXL/stargazers	‚Ä¢	0	https://github.com/JuliaComputing/JuliaInXL/pulls
https://github.com/JuliaComputing/open-gpu-kernel-modules	open-gpu-kernel-modules	Public	NVIDIA Linux open GPU kernel module source	C	1.5k	https://github.com/JuliaComputing/open-gpu-kernel-modules/forks	0	https://github.com/JuliaComputing/open-gpu-kernel-modules/stargazers	‚Ä¢	0	https://github.com/JuliaComputing/open-gpu-kernel-modules/pulls
https://github.com/JuliaComputing/GitForge.jl	GitForge.jl	Public	Unified interface for interacting with Git forges	Julia	12	https://github.com/JuliaComputing/GitForge.jl/forks	0	https://github.com/JuliaComputing/GitForge.jl/stargazers	‚Ä¢	0	https://github.com/JuliaComputing/GitForge.jl/pulls
https://github.com/JuliaComputing/rx_tools	rx_tools	Public	rx_fm, rx_power, and rx_sdr tools for receiving data from SDRs, based on rtl_fm, rtl_power, and rtl_sdr from librtlsdr, but using the SoapySDR vendor-neutral SDR support library instead, intended to support a wider range of devices than RTL-SDR	C	74	https://github.com/JuliaComputing/rx_tools/forks	0	https://github.com/JuliaComputing/rx_tools/stargazers	‚Ä¢	0	https://github.com/JuliaComputing/rx_tools/pulls
https://github.com/JuliaComputing/libxtrxll	libxtrxll	Public	Low-level XTRX hardware abstraction library	C	14	https://github.com/JuliaComputing/libxtrxll/forks	0	https://github.com/JuliaComputing/libxtrxll/stargazers	‚Ä¢	0	https://github.com/JuliaComputing/libxtrxll/pulls
https://github.com/JuliaComputing/libxtrx	libxtrx	Public	High-level XTRX API library	C	27	https://github.com/JuliaComputing/libxtrx/forks	0	https://github.com/JuliaComputing/libxtrx/stargazers	‚Ä¢	0	https://github.com/JuliaComputing/libxtrx/pulls
https://github.com/JuliaComputing/fpga-source	fpga-source	Public	The source code for the XTRX FPGA image	Verilog	9	https://github.com/JuliaComputing/fpga-source/forks	0	https://github.com/JuliaComputing/fpga-source/stargazers	‚Ä¢	0	https://github.com/JuliaComputing/fpga-source/pulls
https://github.com/JuliaComputing/gdb-solib-wine	gdb-solib-wine	Public	GDB enhanced to debug wine processes	C	2	https://github.com/JuliaComputing/gdb-solib-wine/forks	16	https://github.com/JuliaComputing/gdb-solib-wine/stargazers	‚Ä¢	0	https://github.com/JuliaComputing/gdb-solib-wine/pulls
https://github.com/JuliaComputing/PublicNotebooks	PublicNotebooks	Public	Pluto notebooks for demonstrations and public consumption	Julia	1	https://github.com/JuliaComputing/PublicNotebooks/forks	1	https://github.com/JuliaComputing/PublicNotebooks/stargazers	‚Ä¢	0	https://github.com/JuliaComputing/PublicNotebooks/pulls
https://github.com/JuliaComputing/nvidia-driver-pcie-rebar	nvidia-driver-pcie-rebar	Public archive	Patches to enable PCIe resizable BARs in the Linux NVIDIA kernel driver	Makefile	4	https://github.com/JuliaComputing/nvidia-driver-pcie-rebar/forks	17	https://github.com/JuliaComputing/nvidia-driver-pcie-rebar/stargazers	‚Ä¢	1	https://github.com/JuliaComputing/nvidia-driver-pcie-rebar/pulls
https://github.com/JuliaComputing/scopehal-apps	scopehal-apps	Public	glscopeclient and other client applications for libscopehal.	C++	137	https://github.com/JuliaComputing/scopehal-apps/forks	0	https://github.com/JuliaComputing/scopehal-apps/stargazers	‚Ä¢	0	https://github.com/JuliaComputing/scopehal-apps/pulls
https://github.com/JuliaComputing/scopehal	scopehal	Public	Oscilloscope / logic analyzer platform abstraction library. This is the library only. Most users should use scopehal-apps.	C++	122	https://github.com/JuliaComputing/scopehal/forks	0	https://github.com/JuliaComputing/scopehal/stargazers	‚Ä¢	0	https://github.com/JuliaComputing/scopehal/pulls
https://github.com/JuliaComputing/StructTypes.jl	StructTypes.jl	Public	Abstract definitions and convenience methods for describing, processing, and constructing Julia objects	Julia	21	https://github.com/JuliaComputing/StructTypes.jl/forks	0	https://github.com/JuliaComputing/StructTypes.jl/stargazers	‚Ä¢	0	https://github.com/JuliaComputing/StructTypes.jl/pulls
https://github.com/JuliaComputing/TERMIOS.jl	TERMIOS.jl	Public	This Julia package provides an TERMIOS interface to the POSIX calls for tty I/O control.	Julia	1	https://github.com/JuliaComputing/TERMIOS.jl/forks	0	https://github.com/JuliaComputing/TERMIOS.jl/stargazers	‚Ä¢	0	https://github.com/JuliaComputing/TERMIOS.jl/pulls
https://github.com/JuliaComputing/TerminalUserInterfaces.jl	TerminalUserInterfaces.jl	Public	Terminal User Interfaces in Julia.	Julia	5	https://github.com/JuliaComputing/TerminalUserInterfaces.jl/forks	0	https://github.com/JuliaComputing/TerminalUserInterfaces.jl/stargazers	‚Ä¢	0	https://github.com/JuliaComputing/TerminalUserInterfaces.jl/pulls
https://github.com/JuliaComputing/Glob.jl	Glob.jl	Public	Posix-compliant file name pattern matching	Julia	19	https://github.com/JuliaComputing/Glob.jl/forks	0	https://github.com/JuliaComputing/Glob.jl/stargazers	‚Ä¢	0	https://github.com/JuliaComputing/Glob.jl/pulls
https://github.com/JuliaComputing/liblms7002m	liblms7002m	Public	Compact LMS7002M library suitable for resource-limited MCUs	C	12	https://github.com/JuliaComputing/liblms7002m/forks	0	https://github.com/JuliaComputing/liblms7002m/stargazers	‚Ä¢	0	https://github.com/JuliaComputing/liblms7002m/pulls
https://github.com/JuliaComputing/litex-boards	litex-boards	Public	LiteX boards files	Python	338	https://github.com/JuliaComputing/litex-boards/forks	0	https://github.com/JuliaComputing/litex-boards/stargazers	‚Ä¢	0	https://github.com/JuliaComputing/litex-boards/pulls
https://github.com/JuliaComputing/Training	Training	Public		Jupyter Notebook	17	https://github.com/JuliaComputing/Training/forks	56	https://github.com/JuliaComputing/Training/stargazers	‚Ä¢	0	https://github.com/JuliaComputing/Training/pulls
https://github.com/JuliaComputing/xtrx_linux_pcie_drv	xtrx_linux_pcie_drv	Public	XTRX PCI driver for linux	C	24	https://github.com/JuliaComputing/xtrx_linux_pcie_drv/forks	0	https://github.com/JuliaComputing/xtrx_linux_pcie_drv/stargazers	‚Ä¢	0	https://github.com/JuliaComputing/xtrx_linux_pcie_drv/pulls
https://github.com/JuliaComputing/lapack	lapack	Public	LAPACK development repository	Fortran	482	https://github.com/JuliaComputing/lapack/forks	0	https://github.com/JuliaComputing/lapack/stargazers	‚Ä¢	0	https://github.com/JuliaComputing/lapack/pulls
https://github.com/JuliaComputing/Xyce	Xyce	Public	The Xyce‚Ñ¢ Parallel Electronic Simulator	C	56	https://github.com/JuliaComputing/Xyce/forks	0	https://github.com/JuliaComputing/Xyce/stargazers	‚Ä¢	0	https://github.com/JuliaComputing/Xyce/pulls
https://github.com/JuliaComputing/SoapySDR	SoapySDR	Public	Vendor and platform neutral SDR support library.	C++	209	https://github.com/JuliaComputing/SoapySDR/forks	0	https://github.com/JuliaComputing/SoapySDR/stargazers	‚Ä¢	0	https://github.com/JuliaComputing/SoapySDR/pulls
https://github.com/JuliaComputing/linux	linux	Public	Linux kernel source tree	C	59k	https://github.com/JuliaComputing/linux/forks	0	https://github.com/JuliaComputing/linux/stargazers	‚Ä¢	0	https://github.com/JuliaComputing/linux/pulls
https://github.com/JuliaComputing/TrueFX	TrueFX	Public	JuliaDB demonstration using TrueFX data	Jupyter Notebook	3	https://github.com/JuliaComputing/TrueFX/forks	8	https://github.com/JuliaComputing/TrueFX/stargazers	‚Ä¢	1	https://github.com/JuliaComputing/TrueFX/pulls
https://github.com/JuliaComputing/RebuildAction	RebuildAction	Public	CI configs for content rebuilding	JavaScript	3	https://github.com/JuliaComputing/RebuildAction/forks	0	https://github.com/JuliaComputing/RebuildAction/stargazers	‚Ä¢	0	https://github.com/JuliaComputing/RebuildAction/pulls
https://github.com/JuliaComputing/FixedSizeStrings.jl	FixedSizeStrings.jl	Public	a type for efficiently storing short strings of known size	Julia	8	https://github.com/JuliaComputing/FixedSizeStrings.jl/forks	7	https://github.com/JuliaComputing/FixedSizeStrings.jl/stargazers	‚Ä¢	3	https://github.com/JuliaComputing/FixedSizeStrings.jl/pulls
https://github.com/JuliaComputing/Deprecations.jl	Deprecations.jl	Public	A database of julia deprecations and how to fix them	Julia	7	https://github.com/JuliaComputing/Deprecations.jl/forks	17	https://github.com/JuliaComputing/Deprecations.jl/stargazers	‚Ä¢	3	https://github.com/JuliaComputing/Deprecations.jl/pulls
https://github.com/JuliaComputing/FemtoCleaner.jl	FemtoCleaner.jl	Public	The code behind femtocleaner	Julia	9	https://github.com/JuliaComputing/FemtoCleaner.jl/forks	64	https://github.com/JuliaComputing/FemtoCleaner.jl/stargazers	‚Ä¢	2	https://github.com/JuliaComputing/FemtoCleaner.jl/pulls
https://github.com/JuliaComputing/JuliaProIssues	JuliaProIssues	Public			0	https://github.com/JuliaComputing/JuliaProIssues/forks	1	https://github.com/JuliaComputing/JuliaProIssues/stargazers		0	https://github.com/JuliaComputing/JuliaProIssues/pulls
https://github.com/JuliaComputing/Heise_October	Heise_October	Public	Supplementary Materials for the Julia article in Heise October 2020 issue	HTML	0	https://github.com/JuliaComputing/Heise_October/forks	2	https://github.com/JuliaComputing/Heise_October/stargazers	‚Ä¢	0	https://github.com/JuliaComputing/Heise_October/pulls
https://github.com/JuliaComputing/IntroductionTraining	IntroductionTraining	Public		Julia	1	https://github.com/JuliaComputing/IntroductionTraining/forks	4	https://github.com/JuliaComputing/IntroductionTraining/stargazers	‚Ä¢	0	https://github.com/JuliaComputing/IntroductionTraining/pulls
https://github.com/JuliaComputing/XGBoost.jl	XGBoost.jl	Public	XGBoost Julia Package	Julia	109	https://github.com/JuliaComputing/XGBoost.jl/forks	1	https://github.com/JuliaComputing/XGBoost.jl/stargazers	‚Ä¢	0	https://github.com/JuliaComputing/XGBoost.jl/pulls
https://github.com/JuliaComputing/ODSC2019	ODSC2019	Public	"Material for ""Differentiable programming with Flux"" at ODSC East & Europe, 2019"	Jupyter Notebook	7	https://github.com/JuliaComputing/ODSC2019/forks	24	https://github.com/JuliaComputing/ODSC2019/stargazers	‚Ä¢	0	https://github.com/JuliaComputing/ODSC2019/pulls
https://github.com/JuliaComputing/SQLite.jl	SQLite.jl	Public	A Julia interface to the SQLite library	Julia	81	https://github.com/JuliaComputing/SQLite.jl/forks	1	https://github.com/JuliaComputing/SQLite.jl/stargazers	‚Ä¢	0	https://github.com/JuliaComputing/SQLite.jl/pulls
https://github.com/JuliaComputing/SQLiteBuilder	SQLiteBuilder	Public	BinaryBuilder.jl implementation for sqlite	Julia	2	https://github.com/JuliaComputing/SQLiteBuilder/forks	0	https://github.com/JuliaComputing/SQLiteBuilder/stargazers	‚Ä¢	0	https://github.com/JuliaComputing/SQLiteBuilder/pulls
https://github.com/JuliaComputing/JuliaRunClient.jl	JuliaRunClient.jl	Public	A client library to invoke JuliaRun HTTP APIs	Julia	0	https://github.com/JuliaComputing/JuliaRunClient.jl/forks	4	https://github.com/JuliaComputing/JuliaRunClient.jl/stargazers	‚Ä¢	0	https://github.com/JuliaComputing/JuliaRunClient.jl/pulls
https://github.com/JuliaComputing/Unums.jl	Unums.jl	Public archive	Unum arithmetic in Julia	Julia	9	https://github.com/JuliaComputing/Unums.jl/forks	41	https://github.com/JuliaComputing/Unums.jl/stargazers	‚Ä¢	1	https://github.com/JuliaComputing/Unums.jl/pulls
https://github.com/JuliaComputing/GitLab.jl	GitLab.jl	Public		Julia	6	https://github.com/JuliaComputing/GitLab.jl/forks	8	https://github.com/JuliaComputing/GitLab.jl/stargazers	‚Ä¢	1	https://github.com/JuliaComputing/GitLab.jl/pulls
https://github.com/JuliaComputing/tensorflow	tensorflow	Public	An Open Source Machine Learning Framework for Everyone	C++	75k	https://github.com/JuliaComputing/tensorflow/forks	2	https://github.com/JuliaComputing/tensorflow/stargazers	‚Ä¢	0	https://github.com/JuliaComputing/tensorflow/pulls
https://github.com/JuliaComputing/aks-engine	aks-engine	Public	AKS-Engine: Units of Kubernetes on Azure!	Go	512	https://github.com/JuliaComputing/aks-engine/forks	1	https://github.com/JuliaComputing/aks-engine/stargazers	‚Ä¢	0	https://github.com/JuliaComputing/aks-engine/pulls
https://github.com/JuliaComputing/sssd-github	sssd-github	Public	A daemon to manage identity, authentication and authorization for centrally-managed systems.	C	270	https://github.com/JuliaComputing/sssd-github/forks	1	https://github.com/JuliaComputing/sssd-github/stargazers	‚Ä¢	0	https://github.com/JuliaComputing/sssd-github/pulls
https://github.com/JuliaComputing/pam_mkdirs	pam_mkdirs	Public	Linux PAM (Pluggable Authentication Modules for Linux) project	C	337	https://github.com/JuliaComputing/pam_mkdirs/forks	0	https://github.com/JuliaComputing/pam_mkdirs/stargazers	‚Ä¢	0	https://github.com/JuliaComputing/pam_mkdirs/pulls
https://github.com/JuliaComputing/TensorFlow.jl	TensorFlow.jl	Public	A Julia wrapper for TensorFlow	Julia	110	https://github.com/JuliaComputing/TensorFlow.jl/forks	5	https://github.com/JuliaComputing/TensorFlow.jl/stargazers	‚Ä¢	0	https://github.com/JuliaComputing/TensorFlow.jl/pulls
https://github.com/JuliaComputing/ORNLTraining	ORNLTraining	Public		Jupyter Notebook	3	https://github.com/JuliaComputing/ORNLTraining/forks	8	https://github.com/JuliaComputing/ORNLTraining/stargazers	‚Ä¢	0	https://github.com/JuliaComputing/ORNLTraining/pulls
https://github.com/JuliaComputing/SJCE-workshop	SJCE-workshop	Public		Jupyter Notebook	1	https://github.com/JuliaComputing/SJCE-workshop/forks	5	https://github.com/JuliaComputing/SJCE-workshop/stargazers	‚Ä¢	0	https://github.com/JuliaComputing/SJCE-workshop/pulls
https://github.com/JuliaComputing/static-julia	static-julia	Public archive	Static AOT Julia compilation, demos and instructions	Julia	13	https://github.com/JuliaComputing/static-julia/forks	145	https://github.com/JuliaComputing/static-julia/stargazers	‚Ä¢	0	https://github.com/JuliaComputing/static-julia/pulls
https://github.com/JuliaComputing/Daal.jl	Daal.jl	Public archive	Julia wrapper for Intel Data Analytics Acceleration Library (DAAL)	Julia	1	https://github.com/JuliaComputing/Daal.jl/forks	7	https://github.com/JuliaComputing/Daal.jl/stargazers	‚Ä¢	0	https://github.com/JuliaComputing/Daal.jl/pulls
https://github.com/JuliaComputing/OReilly	OReilly	Public		Jupyter Notebook	27	https://github.com/JuliaComputing/OReilly/forks	39	https://github.com/JuliaComputing/OReilly/stargazers	‚Ä¢	0	https://github.com/JuliaComputing/OReilly/pulls
https://github.com/JuliaComputing/QBO.jl	QBO.jl	Public	Work with QuickBooksOnline from Julia	Julia	1	https://github.com/JuliaComputing/QBO.jl/forks	1	https://github.com/JuliaComputing/QBO.jl/stargazers	‚Ä¢	0	https://github.com/JuliaComputing/QBO.jl/pulls
https://github.com/JuliaComputing/PyData2017	PyData2017	Public	PyData NYC 2017 Tutorial	Jupyter Notebook	3	https://github.com/JuliaComputing/PyData2017/forks	2	https://github.com/JuliaComputing/PyData2017/stargazers	‚Ä¢	0	https://github.com/JuliaComputing/PyData2017/pulls
https://github.com/JuliaComputing/HPCDC	HPCDC	Public archive	Notebooks for Intel's HPC DevCon '17	Jupyter Notebook	2	https://github.com/JuliaComputing/HPCDC/forks	7	https://github.com/JuliaComputing/HPCDC/stargazers	‚Ä¢	0	https://github.com/JuliaComputing/HPCDC/pulls
https://github.com/JuliaComputing/NDSparseIO.jl	NDSparseIO.jl	Public	Conversions and reading/writing of NDSparseData	Julia	0	https://github.com/JuliaComputing/NDSparseIO.jl/forks	0	https://github.com/JuliaComputing/NDSparseIO.jl/stargazers	‚Ä¢	0	https://github.com/JuliaComputing/NDSparseIO.jl/pulls
https://github.com/JuliaComputing/PyCall.jl	PyCall.jl	Public	Package to call Python functions from the Julia language	Julia	188	https://github.com/JuliaComputing/PyCall.jl/forks	1	https://github.com/JuliaComputing/PyCall.jl/stargazers	‚Ä¢	0	https://github.com/JuliaComputing/PyCall.jl/pulls
https://github.com/JuliaComputing/Gunrock.jl	Gunrock.jl	Public archive	Julia Wrapper for Gunrock library	Julia	4	https://github.com/JuliaComputing/Gunrock.jl/forks	6	https://github.com/JuliaComputing/Gunrock.jl/stargazers	‚Ä¢	0	https://github.com/JuliaComputing/Gunrock.jl/pulls
https://github.com/JuliaComputing/Quandl.jl	Quandl.jl	Public	Julia api to Quandl open source financial, economic and social datasets	Julia	31	https://github.com/JuliaComputing/Quandl.jl/forks	0	https://github.com/JuliaComputing/Quandl.jl/stargazers	‚Ä¢	0	https://github.com/JuliaComputing/Quandl.jl/pulls
https://github.com/JuliaComputing/arrayfire	arrayfire	Public	ArrayFire: a general purpose GPU library.	C++	552	https://github.com/JuliaComputing/arrayfire/forks	1	https://github.com/JuliaComputing/arrayfire/stargazers	‚Ä¢	0	https://github.com/JuliaComputing/arrayfire/pulls
